PRAGMA foreign_keys=OFF;
BEGIN TRANSACTION;
CREATE TABLE IF NOT EXISTS "django_migrations" ("id" integer NOT NULL PRIMARY KEY AUTOINCREMENT, "app" varchar(255) NOT NULL, "name" varchar(255) NOT NULL, "applied" datetime NOT NULL);
INSERT INTO django_migrations VALUES(1,'contenttypes','0001_initial','2024-10-14 03:41:57.356328');
INSERT INTO django_migrations VALUES(2,'auth','0001_initial','2024-10-14 03:41:57.377635');
INSERT INTO django_migrations VALUES(3,'admin','0001_initial','2024-10-14 03:41:57.390276');
INSERT INTO django_migrations VALUES(4,'admin','0002_logentry_remove_auto_add','2024-10-14 03:41:57.402729');
INSERT INTO django_migrations VALUES(5,'admin','0003_logentry_add_action_flag_choices','2024-10-14 03:41:57.410002');
INSERT INTO django_migrations VALUES(6,'contenttypes','0002_remove_content_type_name','2024-10-14 03:41:57.444480');
INSERT INTO django_migrations VALUES(7,'auth','0002_alter_permission_name_max_length','2024-10-14 03:41:57.454900');
INSERT INTO django_migrations VALUES(8,'auth','0003_alter_user_email_max_length','2024-10-14 03:41:57.465782');
INSERT INTO django_migrations VALUES(9,'auth','0004_alter_user_username_opts','2024-10-14 03:41:57.472498');
INSERT INTO django_migrations VALUES(10,'auth','0005_alter_user_last_login_null','2024-10-14 03:41:57.481787');
INSERT INTO django_migrations VALUES(11,'auth','0006_require_contenttypes_0002','2024-10-14 03:41:57.484175');
INSERT INTO django_migrations VALUES(12,'auth','0007_alter_validators_add_error_messages','2024-10-14 03:41:57.492222');
INSERT INTO django_migrations VALUES(13,'auth','0008_alter_user_username_max_length','2024-10-14 03:41:57.503540');
INSERT INTO django_migrations VALUES(14,'auth','0009_alter_user_last_name_max_length','2024-10-14 03:41:57.513322');
INSERT INTO django_migrations VALUES(15,'auth','0010_alter_group_name_max_length','2024-10-14 03:41:57.527096');
INSERT INTO django_migrations VALUES(16,'auth','0011_update_proxy_permissions','2024-10-14 03:41:57.535002');
INSERT INTO django_migrations VALUES(17,'auth','0012_alter_user_first_name_max_length','2024-10-14 03:41:57.545129');
INSERT INTO django_migrations VALUES(18,'blog','0001_initial','2024-10-14 03:41:57.549949');
INSERT INTO django_migrations VALUES(19,'sessions','0001_initial','2024-10-14 03:41:57.555205');
INSERT INTO django_migrations VALUES(20,'blog','0002_post_author_post_status','2024-10-14 04:16:46.884396');
INSERT INTO django_migrations VALUES(21,'taggit','0001_initial','2024-10-19 19:49:38.553766');
INSERT INTO django_migrations VALUES(22,'taggit','0002_auto_20150616_2121','2024-10-19 19:49:38.559851');
INSERT INTO django_migrations VALUES(23,'taggit','0003_taggeditem_add_unique_index','2024-10-19 19:49:38.569438');
INSERT INTO django_migrations VALUES(24,'taggit','0004_alter_taggeditem_content_type_alter_taggeditem_tag','2024-10-19 19:49:38.601724');
INSERT INTO django_migrations VALUES(25,'taggit','0005_auto_20220424_2025','2024-10-19 19:49:38.608562');
INSERT INTO django_migrations VALUES(26,'taggit','0006_rename_taggeditem_content_type_object_id_taggit_tagg_content_8fc721_idx','2024-10-19 19:49:38.633017');
INSERT INTO django_migrations VALUES(27,'blog','0003_recipe','2024-10-19 19:49:38.646489');
INSERT INTO django_migrations VALUES(28,'blog','0004_alter_post_slug','2024-10-26 21:37:17.283379');
INSERT INTO django_migrations VALUES(29,'blog','0005_remove_recipe_cooking_time_recipe_instructions','2024-10-27 23:31:27.550231');
INSERT INTO django_migrations VALUES(30,'blog','0006_comment','2024-10-28 23:01:38.769325');
INSERT INTO django_migrations VALUES(31,'blog','0007_post_tags','2024-11-09 16:19:18.488888');
INSERT INTO django_migrations VALUES(32,'sites','0001_initial','2024-11-10 16:16:35.497384');
INSERT INTO django_migrations VALUES(33,'sites','0002_alter_domain_unique','2024-11-10 16:16:35.507127');
CREATE TABLE IF NOT EXISTS "auth_group_permissions" ("id" integer NOT NULL PRIMARY KEY AUTOINCREMENT, "group_id" integer NOT NULL REFERENCES "auth_group" ("id") DEFERRABLE INITIALLY DEFERRED, "permission_id" integer NOT NULL REFERENCES "auth_permission" ("id") DEFERRABLE INITIALLY DEFERRED);
CREATE TABLE IF NOT EXISTS "auth_user_groups" ("id" integer NOT NULL PRIMARY KEY AUTOINCREMENT, "user_id" integer NOT NULL REFERENCES "auth_user" ("id") DEFERRABLE INITIALLY DEFERRED, "group_id" integer NOT NULL REFERENCES "auth_group" ("id") DEFERRABLE INITIALLY DEFERRED);
CREATE TABLE IF NOT EXISTS "auth_user_user_permissions" ("id" integer NOT NULL PRIMARY KEY AUTOINCREMENT, "user_id" integer NOT NULL REFERENCES "auth_user" ("id") DEFERRABLE INITIALLY DEFERRED, "permission_id" integer NOT NULL REFERENCES "auth_permission" ("id") DEFERRABLE INITIALLY DEFERRED);
CREATE TABLE IF NOT EXISTS "django_admin_log" ("id" integer NOT NULL PRIMARY KEY AUTOINCREMENT, "object_id" text NULL, "object_repr" varchar(200) NOT NULL, "action_flag" smallint unsigned NOT NULL CHECK ("action_flag" >= 0), "change_message" text NOT NULL, "content_type_id" integer NULL REFERENCES "django_content_type" ("id") DEFERRABLE INITIALLY DEFERRED, "user_id" integer NOT NULL REFERENCES "auth_user" ("id") DEFERRABLE INITIALLY DEFERRED, "action_time" datetime NOT NULL);
INSERT INTO django_admin_log VALUES(1,'1','test',1,'[{"added": {}}]',7,1,'2024-10-14 04:28:13.148433');
INSERT INTO django_admin_log VALUES(2,'1','test',3,'',7,1,'2024-10-19 19:59:17.082306');
INSERT INTO django_admin_log VALUES(3,'2','Tasha''s Blog',1,'[{"added": {}}]',7,1,'2024-10-19 20:31:50.728213');
INSERT INTO django_admin_log VALUES(4,'2','Tasha''s Blog',2,'[{"changed": {"fields": ["Status"]}}]',7,1,'2024-10-19 22:18:00.843346');
INSERT INTO django_admin_log VALUES(5,'3','New Title',2,'[{"changed": {"fields": ["Status"]}}]',7,1,'2024-10-19 22:25:05.256540');
INSERT INTO django_admin_log VALUES(6,'4','Welcome to Flavor Haven: Your New Go-To Recipe Destination',1,'[{"added": {}}]',7,1,'2024-10-27 21:50:06.902049');
INSERT INTO django_admin_log VALUES(7,'1','Classic Homemade Waffles',1,'[{"added": {}}]',8,1,'2024-10-27 21:52:16.514568');
INSERT INTO django_admin_log VALUES(8,'1','Classic Homemade Waffles',2,'[{"changed": {"fields": ["Body", "Instructions"]}}]',8,1,'2024-10-27 23:32:26.913053');
INSERT INTO django_admin_log VALUES(9,'1','Comment by Testing Comment on Tasha''s Blog',1,'[{"added": {}}]',11,1,'2024-10-28 23:04:39.423176');
INSERT INTO django_admin_log VALUES(10,'1','Comment by Testing Comment on Tasha''s Blog',2,'[{"changed": {"fields": ["Active"]}}]',11,1,'2024-10-28 23:59:38.019058');
INSERT INTO django_admin_log VALUES(11,'3','New Title',2,'[{"changed": {"fields": ["Tags"]}}]',7,1,'2024-11-09 18:06:54.471999');
INSERT INTO django_admin_log VALUES(12,'2','Tasha''s Blog',2,'[{"changed": {"fields": ["Tags"]}}]',7,1,'2024-11-09 18:07:14.085606');
CREATE TABLE IF NOT EXISTS "django_content_type" ("id" integer NOT NULL PRIMARY KEY AUTOINCREMENT, "app_label" varchar(100) NOT NULL, "model" varchar(100) NOT NULL);
INSERT INTO django_content_type VALUES(1,'admin','logentry');
INSERT INTO django_content_type VALUES(2,'auth','permission');
INSERT INTO django_content_type VALUES(3,'auth','group');
INSERT INTO django_content_type VALUES(4,'auth','user');
INSERT INTO django_content_type VALUES(5,'contenttypes','contenttype');
INSERT INTO django_content_type VALUES(6,'sessions','session');
INSERT INTO django_content_type VALUES(7,'blog','post');
INSERT INTO django_content_type VALUES(8,'blog','recipe');
INSERT INTO django_content_type VALUES(9,'taggit','tag');
INSERT INTO django_content_type VALUES(10,'taggit','taggeditem');
INSERT INTO django_content_type VALUES(11,'blog','comment');
INSERT INTO django_content_type VALUES(12,'sites','site');
CREATE TABLE IF NOT EXISTS "auth_permission" ("id" integer NOT NULL PRIMARY KEY AUTOINCREMENT, "content_type_id" integer NOT NULL REFERENCES "django_content_type" ("id") DEFERRABLE INITIALLY DEFERRED, "codename" varchar(100) NOT NULL, "name" varchar(255) NOT NULL);
INSERT INTO auth_permission VALUES(1,1,'add_logentry','Can add log entry');
INSERT INTO auth_permission VALUES(2,1,'change_logentry','Can change log entry');
INSERT INTO auth_permission VALUES(3,1,'delete_logentry','Can delete log entry');
INSERT INTO auth_permission VALUES(4,1,'view_logentry','Can view log entry');
INSERT INTO auth_permission VALUES(5,2,'add_permission','Can add permission');
INSERT INTO auth_permission VALUES(6,2,'change_permission','Can change permission');
INSERT INTO auth_permission VALUES(7,2,'delete_permission','Can delete permission');
INSERT INTO auth_permission VALUES(8,2,'view_permission','Can view permission');
INSERT INTO auth_permission VALUES(9,3,'add_group','Can add group');
INSERT INTO auth_permission VALUES(10,3,'change_group','Can change group');
INSERT INTO auth_permission VALUES(11,3,'delete_group','Can delete group');
INSERT INTO auth_permission VALUES(12,3,'view_group','Can view group');
INSERT INTO auth_permission VALUES(13,4,'add_user','Can add user');
INSERT INTO auth_permission VALUES(14,4,'change_user','Can change user');
INSERT INTO auth_permission VALUES(15,4,'delete_user','Can delete user');
INSERT INTO auth_permission VALUES(16,4,'view_user','Can view user');
INSERT INTO auth_permission VALUES(17,5,'add_contenttype','Can add content type');
INSERT INTO auth_permission VALUES(18,5,'change_contenttype','Can change content type');
INSERT INTO auth_permission VALUES(19,5,'delete_contenttype','Can delete content type');
INSERT INTO auth_permission VALUES(20,5,'view_contenttype','Can view content type');
INSERT INTO auth_permission VALUES(21,6,'add_session','Can add session');
INSERT INTO auth_permission VALUES(22,6,'change_session','Can change session');
INSERT INTO auth_permission VALUES(23,6,'delete_session','Can delete session');
INSERT INTO auth_permission VALUES(24,6,'view_session','Can view session');
INSERT INTO auth_permission VALUES(25,7,'add_post','Can add post');
INSERT INTO auth_permission VALUES(26,7,'change_post','Can change post');
INSERT INTO auth_permission VALUES(27,7,'delete_post','Can delete post');
INSERT INTO auth_permission VALUES(28,7,'view_post','Can view post');
INSERT INTO auth_permission VALUES(29,8,'add_recipe','Can add recipe');
INSERT INTO auth_permission VALUES(30,8,'change_recipe','Can change recipe');
INSERT INTO auth_permission VALUES(31,8,'delete_recipe','Can delete recipe');
INSERT INTO auth_permission VALUES(32,8,'view_recipe','Can view recipe');
INSERT INTO auth_permission VALUES(33,9,'add_tag','Can add tag');
INSERT INTO auth_permission VALUES(34,9,'change_tag','Can change tag');
INSERT INTO auth_permission VALUES(35,9,'delete_tag','Can delete tag');
INSERT INTO auth_permission VALUES(36,9,'view_tag','Can view tag');
INSERT INTO auth_permission VALUES(37,10,'add_taggeditem','Can add tagged item');
INSERT INTO auth_permission VALUES(38,10,'change_taggeditem','Can change tagged item');
INSERT INTO auth_permission VALUES(39,10,'delete_taggeditem','Can delete tagged item');
INSERT INTO auth_permission VALUES(40,10,'view_taggeditem','Can view tagged item');
INSERT INTO auth_permission VALUES(41,11,'add_comment','Can add comment');
INSERT INTO auth_permission VALUES(42,11,'change_comment','Can change comment');
INSERT INTO auth_permission VALUES(43,11,'delete_comment','Can delete comment');
INSERT INTO auth_permission VALUES(44,11,'view_comment','Can view comment');
INSERT INTO auth_permission VALUES(45,12,'add_site','Can add site');
INSERT INTO auth_permission VALUES(46,12,'change_site','Can change site');
INSERT INTO auth_permission VALUES(47,12,'delete_site','Can delete site');
INSERT INTO auth_permission VALUES(48,12,'view_site','Can view site');
CREATE TABLE IF NOT EXISTS "auth_group" ("id" integer NOT NULL PRIMARY KEY AUTOINCREMENT, "name" varchar(150) NOT NULL UNIQUE);
CREATE TABLE IF NOT EXISTS "auth_user" ("id" integer NOT NULL PRIMARY KEY AUTOINCREMENT, "password" varchar(128) NOT NULL, "last_login" datetime NULL, "is_superuser" bool NOT NULL, "username" varchar(150) NOT NULL UNIQUE, "last_name" varchar(150) NOT NULL, "email" varchar(254) NOT NULL, "is_staff" bool NOT NULL, "is_active" bool NOT NULL, "date_joined" datetime NOT NULL, "first_name" varchar(150) NOT NULL);
INSERT INTO auth_user VALUES(1,'pbkdf2_sha256$870000$QVktj7z1bUhmLW6zlLmuxs$Gw18kOGcO2PUIpiHrUaa5e7PaZaadfhtneDxGBvFPJU=','2024-11-22 01:30:47.908090',1,'tashadupree','','tashadupree@gmail.com',1,1,'2024-10-14 04:12:46.497237','');
INSERT INTO auth_user VALUES(2,'pbkdf2_sha256$870000$JDicYrScfIsKMLVo16AHmb$6FFtV9ayUEG2ktMYlBwfpheCT6KpA9Ug0RbnHY/lWms=',NULL,1,'admin','','tashadupree@gmail.com',1,1,'2024-10-19 20:45:30.403239','');
INSERT INTO auth_user VALUES(3,'',NULL,0,'user2','','',0,1,'2024-10-19 20:51:47.363358','');
CREATE TABLE IF NOT EXISTS "django_session" ("session_key" varchar(40) NOT NULL PRIMARY KEY, "session_data" text NOT NULL, "expire_date" datetime NOT NULL);
INSERT INTO django_session VALUES('6foajpydb7anwbvi7cl9vqndva3l5eli','.eJxVjDsOwyAQRO9CHSEW802Z3mdACyzBSYQlY1dR7h5bcpGUM-_NvFnAba1h67SEKbMrA3b57SKmJ7UD5Ae2-8zT3NZlivxQ-Ek7H-dMr9vp_h1U7HVfOxJ5SCikEhKM16Qw2yKsNnt2aVBgIFsoMiIU67QiWchGVMbbCF6xzxfBqDcI:1t0Cc4:iLwqfqmWEvPbHHymM3W61NunxOrd3illASN2W11C8tw','2024-10-28 04:23:20.099954');
INSERT INTO django_session VALUES('16fc53f86n2mffr852gx6k1fdcgah8sa','.eJxVjDsOwyAQRO9CHSEW802Z3mdACyzBSYQlY1dR7h5bcpGUM-_NvFnAba1h67SEKbMrA3b57SKmJ7UD5Ae2-8zT3NZlivxQ-Ek7H-dMr9vp_h1U7HVfOxJ5SCikEhKM16Qw2yKsNnt2aVBgIFsoMiIU67QiWchGVMbbCF6xzxfBqDcI:1t5YIA:lC6b7jXrdECsHjmBbF_zpB0A-KJfeeUV1lAdoxjWKfo','2024-11-11 22:32:54.821091');
INSERT INTO django_session VALUES('vf134061zw0pf4vd06dnte2yvc4q35hv','.eJxVjDsOwyAQRO9CHSEW802Z3mdACyzBSYQlY1dR7h5bcpGUM-_NvFnAba1h67SEKbMrA3b57SKmJ7UD5Ae2-8zT3NZlivxQ-Ek7H-dMr9vp_h1U7HVfOxJ5SCikEhKM16Qw2yKsNnt2aVBgIFsoMiIU67QiWchGVMbbCF6xzxfBqDcI:1tEIVT:SLJf2SAkHKcyHq790jO4UqdsAV2-ac-gAT9rqq-MBiE','2024-12-06 01:30:47.912698');
CREATE TABLE IF NOT EXISTS "taggit_taggeditem" ("id" integer NOT NULL PRIMARY KEY AUTOINCREMENT, "object_id" integer NOT NULL, "content_type_id" integer NOT NULL REFERENCES "django_content_type" ("id") DEFERRABLE INITIALLY DEFERRED, "tag_id" integer NOT NULL REFERENCES "taggit_tag" ("id") DEFERRABLE INITIALLY DEFERRED, CONSTRAINT "taggit_taggeditem_content_type_id_object_id_tag_id_4bb97a8e_uniq" UNIQUE ("content_type_id", "object_id", "tag_id"));
INSERT INTO taggit_taggeditem VALUES(1,1,8,1);
INSERT INTO taggit_taggeditem VALUES(2,4,7,2);
INSERT INTO taggit_taggeditem VALUES(3,4,7,3);
INSERT INTO taggit_taggeditem VALUES(5,3,7,3);
INSERT INTO taggit_taggeditem VALUES(6,2,7,2);
CREATE TABLE IF NOT EXISTS "taggit_tag" ("id" integer NOT NULL PRIMARY KEY AUTOINCREMENT, "name" varchar(100) NOT NULL UNIQUE, "slug" varchar(100) NOT NULL UNIQUE);
INSERT INTO taggit_tag VALUES(1,'waffles','waffles');
INSERT INTO taggit_tag VALUES(2,'music','music');
INSERT INTO taggit_tag VALUES(3,'jazz','jazz');
INSERT INTO taggit_tag VALUES(4,'django','django');
CREATE TABLE IF NOT EXISTS "blog_post" ("id" integer NOT NULL PRIMARY KEY AUTOINCREMENT, "title" varchar(250) NOT NULL, "body" text NOT NULL, "publish" datetime NOT NULL, "created" datetime NOT NULL, "updated" datetime NOT NULL, "author_id" integer NOT NULL REFERENCES "auth_user" ("id") DEFERRABLE INITIALLY DEFERRED, "status" varchar(2) NOT NULL, "slug" varchar(250) NOT NULL);
INSERT INTO blog_post VALUES(2,'Tasha''s Blog','Here is Tasha''s first blog and recipe site','2024-10-19 20:31:17','2024-10-19 20:31:50.725351','2024-11-09 18:07:14.073028',1,'PB','tashas-blog');
INSERT INTO blog_post VALUES(3,'New Title','Post body.','2024-10-19 20:48:47','2024-10-19 20:48:47.834436','2024-11-09 18:06:54.461195',2,'PB','another-post');
INSERT INTO blog_post VALUES(4,'Welcome to Flavor Haven: Your New Go-To Recipe Destination',replace(replace('Are you a foodie at heart, always on the lookout for fresh and exciting recipes? Do you love exploring diverse cuisines or need quick and delicious weeknight meals? Welcome to Flavor Haven, a recipe website built to inspire your inner chef! Here, we believe cooking should be accessible, enjoyable, and full of flavor for everyone—no matter your skill level.\r\n\r\nAt Flavor Haven, you’ll find a carefully curated selection of recipes, from comforting classics to innovative dishes that bring global flavors to your kitchen. Our step-by-step instructions make it easy to cook with confidence, and our user-friendly features let you filter by dietary preferences, cuisine types, preparation time, and skill level.\r\n\r\nStay tuned for chef tips, ingredient guides, and meal-planning resources to keep your culinary journey exciting and hassle-free. So grab your apron and join us at Flavor Haven, where every recipe is a chance to create, taste, and share something delicious!','\r',char(13)),'\n',char(10)),'2024-10-27 21:48:45','2024-10-27 21:50:06.897807','2024-10-27 21:50:06.897823',2,'PB','welcome-to-flavor-haven-your-new-go-to-recipe-destination');
CREATE TABLE IF NOT EXISTS "blog_recipe" ("id" integer NOT NULL PRIMARY KEY AUTOINCREMENT, "title" varchar(250) NOT NULL, "slug" varchar(250) NOT NULL UNIQUE, "body" text NOT NULL, "ingredients" text NOT NULL, "servings" integer unsigned NOT NULL CHECK ("servings" >= 0), "publish" datetime NOT NULL, "created" datetime NOT NULL, "updated" datetime NOT NULL, "author_id" integer NOT NULL REFERENCES "auth_user" ("id") DEFERRABLE INITIALLY DEFERRED, "instructions" text NOT NULL);
INSERT INTO blog_recipe VALUES(1,'Classic Homemade Waffles','classic-homemade-waffles',replace(replace('These waffles are crispy on the outside, fluffy on the inside, and perfect for breakfast or brunch!\r\n\r\nServe warm with your favorite toppings like fresh berries, syrup, or whipped cream!\r\n\r\nEnjoy your homemade waffles!','\r',char(13)),'\n',char(10)),replace(replace('1 ¾ cups all-purpose flour\r\n2 tablespoons sugar\r\n1 tablespoon baking powder\r\n½ teaspoon salt\r\n2 large eggs\r\n1 ¾ cups milk\r\n½ cup vegetable oil or melted butter\r\n1 teaspoon vanilla extract','\r',char(13)),'\n',char(10)),4,'2024-10-27 21:50:53','2024-10-27 21:52:16.495783','2024-10-27 23:32:26.906398',1,replace(replace('Preheat your waffle iron according to the manufacturer’s instructions.\r\nWhisk together the flour, sugar, baking powder, and salt in a large bowl.\r\nIn a separate bowl, beat the eggs and add the milk, oil (or melted butter), and vanilla. Mix well.\r\nCombine the wet ingredients with the dry ingredients, stirring just until smooth (a few lumps are okay).\r\nPour about ½ cup of batter onto the preheated waffle iron, spreading it evenly.\r\nCook until golden brown and crisp, typically 3–5 minutes, depending on your waffle iron.','\r',char(13)),'\n',char(10)));
CREATE TABLE IF NOT EXISTS "blog_comment" ("id" integer NOT NULL PRIMARY KEY AUTOINCREMENT, "name" varchar(80) NOT NULL, "email" varchar(254) NOT NULL, "body" text NOT NULL, "created" datetime NOT NULL, "updated" datetime NOT NULL, "active" bool NOT NULL, "post_id" bigint NOT NULL REFERENCES "blog_post" ("id") DEFERRABLE INITIALLY DEFERRED);
INSERT INTO blog_comment VALUES(1,'Testing Comment','Tashadupree@gmail.com','Want to see how it works','2024-10-28 23:04:39.419498','2024-10-28 23:59:38.014545',0,2);
INSERT INTO blog_comment VALUES(2,'Test Comment','test@gmails.com','Test Comment','2024-10-28 23:58:13.790239','2024-10-28 23:58:13.790267',1,4);
CREATE TABLE IF NOT EXISTS "django_site" ("id" integer NOT NULL PRIMARY KEY AUTOINCREMENT, "name" varchar(50) NOT NULL, "domain" varchar(100) NOT NULL UNIQUE);
INSERT INTO django_site VALUES(1,'example.com','example.com');
DELETE FROM sqlite_sequence;
INSERT INTO sqlite_sequence VALUES('django_migrations',33);
INSERT INTO sqlite_sequence VALUES('django_admin_log',12);
INSERT INTO sqlite_sequence VALUES('django_content_type',12);
INSERT INTO sqlite_sequence VALUES('auth_permission',48);
INSERT INTO sqlite_sequence VALUES('auth_group',0);
INSERT INTO sqlite_sequence VALUES('auth_user',3);
INSERT INTO sqlite_sequence VALUES('taggit_taggeditem',6);
INSERT INTO sqlite_sequence VALUES('taggit_tag',4);
INSERT INTO sqlite_sequence VALUES('blog_post',4);
INSERT INTO sqlite_sequence VALUES('blog_recipe',1);
INSERT INTO sqlite_sequence VALUES('blog_comment',2);
INSERT INTO sqlite_sequence VALUES('django_site',1);
CREATE UNIQUE INDEX "auth_group_permissions_group_id_permission_id_0cd325b0_uniq" ON "auth_group_permissions" ("group_id", "permission_id");
CREATE INDEX "auth_group_permissions_group_id_b120cbf9" ON "auth_group_permissions" ("group_id");
CREATE INDEX "auth_group_permissions_permission_id_84c5c92e" ON "auth_group_permissions" ("permission_id");
CREATE UNIQUE INDEX "auth_user_groups_user_id_group_id_94350c0c_uniq" ON "auth_user_groups" ("user_id", "group_id");
CREATE INDEX "auth_user_groups_user_id_6a12ed8b" ON "auth_user_groups" ("user_id");
CREATE INDEX "auth_user_groups_group_id_97559544" ON "auth_user_groups" ("group_id");
CREATE UNIQUE INDEX "auth_user_user_permissions_user_id_permission_id_14a6b632_uniq" ON "auth_user_user_permissions" ("user_id", "permission_id");
CREATE INDEX "auth_user_user_permissions_user_id_a95ead1b" ON "auth_user_user_permissions" ("user_id");
CREATE INDEX "auth_user_user_permissions_permission_id_1fbb5f2c" ON "auth_user_user_permissions" ("permission_id");
CREATE INDEX "django_admin_log_content_type_id_c4bce8eb" ON "django_admin_log" ("content_type_id");
CREATE INDEX "django_admin_log_user_id_c564eba6" ON "django_admin_log" ("user_id");
CREATE UNIQUE INDEX "django_content_type_app_label_model_76bd3d3b_uniq" ON "django_content_type" ("app_label", "model");
CREATE UNIQUE INDEX "auth_permission_content_type_id_codename_01ab375a_uniq" ON "auth_permission" ("content_type_id", "codename");
CREATE INDEX "auth_permission_content_type_id_2f476e4b" ON "auth_permission" ("content_type_id");
CREATE INDEX "django_session_expire_date_a5c62663" ON "django_session" ("expire_date");
CREATE INDEX "taggit_taggeditem_object_id_e2d7d1df" ON "taggit_taggeditem" ("object_id");
CREATE INDEX "taggit_taggeditem_content_type_id_9957a03c" ON "taggit_taggeditem" ("content_type_id");
CREATE INDEX "taggit_taggeditem_tag_id_f4f5b767" ON "taggit_taggeditem" ("tag_id");
CREATE INDEX "taggit_tagg_content_8fc721_idx" ON "taggit_taggeditem" ("content_type_id", "object_id");
CREATE INDEX "blog_post_author_id_dd7a8485" ON "blog_post" ("author_id");
CREATE INDEX "blog_post_slug_b95473f2" ON "blog_post" ("slug");
CREATE INDEX "blog_post_publish_bb7600_idx" ON "blog_post" ("publish" DESC);
CREATE INDEX "blog_recipe_author_id_eda18689" ON "blog_recipe" ("author_id");
CREATE INDEX "blog_recipe_publish_8268d9_idx" ON "blog_recipe" ("publish" DESC);
CREATE INDEX "blog_comment_post_id_580e96ef" ON "blog_comment" ("post_id");
CREATE INDEX "blog_commen_created_0e6ed4_idx" ON "blog_comment" ("created");
COMMIT;
